INSERT INTO USERS (id, password, name, email, department, memo, registration_date, is_used, is_delete, last_login_time, last_login_ip) VALUES
( 'jomg', '$2a$10$8XbrCm6gipnVlOeykQ2F2ui4Rob7ZXbVUpckKLKlaj.VgaJPGQcc6', '조민기', 'jomg@daou.co.kr', '플랫폼개발팀', '관리자', '2024-05-20 09:54:13', TRUE, FALSE, '2024-06-01 08:55:00', '192.168.0.1'),
( 'kimj', '$2a$10$8XbrCm6gipnVlOeykQ2F2ui4Rob7ZXbVUpckKLKlaj.VgaJPGQcc6', '김지민', 'kimj@daou.co.kr', '기획팀', '일반 사용자', '2024-05-21 10:15:30', FALSE, FALSE, '2024-06-01 08:55:00', '192.168.0.1'),
( 'parkh', '$2a$10$8XbrCm6gipnVlOeykQ2F2ui4Rob7ZXbVUpckKLKlaj.VgaJPGQcc6', '박현우', 'parkh@daou.co.kr', '인사팀', '일반 사용자', '2024-05-22 11:25:40', TRUE, FALSE, '2024-06-01 08:55:00', '192.168.0.1'),
( 'leey', '$2a$10$8XbrCm6gipnVlOeykQ2F2ui4Rob7ZXbVUpckKLKlaj.VgaJPGQcc6', '이영희', 'leey@daou.co.kr', '총무팀', '관리자', '2024-05-23 08:45:00', FALSE, FALSE, '2024-06-01 08:55:00', '192.168.0.1'),
( 'choik', '$2a$10$8XbrCm6gipnVlOeykQ2F2ui4Rob7ZXbVUpckKLKlaj.VgaJPGQcc6', '최경민', 'choik@daou.co.kr', '마케팅팀', '일반 사용자', '2024-05-24 09:50:25', TRUE, FALSE, '2024-06-01 08:55:00', '192.168.0.1'),
( 'jeons', '$2a$10$8XbrCm6gipnVlOeykQ2F2ui4Rob7ZXbVUpckKLKlaj.VgaJPGQcc6', '전수진', 'jeons@daou.co.kr', '영업팀', '일반 사용자', '2024-05-25 10:35:15', FALSE, FALSE, '2024-06-01 08:55:00', '192.168.0.1'),
( 'hongd', '$2a$10$8XbrCm6gipnVlOeykQ2F2ui4Rob7ZXbVUpckKLKlaj.VgaJPGQcc6', '홍길동', 'hongd@daou.co.kr', '개발팀', '관리자', '2024-05-26 09:15:40', TRUE, FALSE, '2024-06-01 08:55:00', '192.168.0.1'),
( 'sungk', '$2a$10$8XbrCm6gipnVlOeykQ2F2ui4Rob7ZXbVUpckKLKlaj.VgaJPGQcc6', '성기훈', 'sungk@daou.co.kr', '디자인팀', '일반 사용자', '2024-05-27 10:05:55', FALSE, FALSE, '2024-06-01 08:55:00', '192.168.0.1'),
( 'leej', '$2a$10$8XbrCm6gipnVlOeykQ2F2ui4Rob7ZXbVUpckKLKlaj.VgaJPGQcc6', '이정은', 'leej@daou.co.kr', '품질관리팀', '일반 사용자', '2024-05-28 08:45:30', TRUE, FALSE, '2024-06-01 08:55:00', '192.168.0.1'),
( 'kimh', '$2a$10$8XbrCm6gipnVlOeykQ2F2ui4Rob7ZXbVUpckKLKlaj.VgaJPGQcc6', '김하늘', 'kimh@daou.co.kr', '연구소', '관리자', '2024-05-29 09:50:25', FALSE, FALSE, '2024-06-01 08:55:00', '192.168.0.1'),
( 'kwonj', '$2a$10$8XbrCm6gipnVlOeykQ2F2ui4Rob7ZXbVUpckKLKlaj.VgaJPGQcc6', '권준혁', 'kwonj@daou.co.kr', '고객지원팀', '일반 사용자', '2024-05-30 10:20:10', TRUE, FALSE, '2024-06-01 08:55:00', '192.168.0.1'),
( 'seoj', '$2a$10$8XbrCm6gipnVlOeykQ2F2ui4Rob7ZXbVUpckKLKlaj.VgaJPGQcc6', '서지훈', 'seoj@daou.co.kr', '영업팀', '일반 사용자', '2024-05-31 09:35:50', FALSE, FALSE, '2024-06-01 08:55:00', '192.168.0.1'),
( 'parkj', '$2a$10$8XbrCm6gipnVlOeykQ2F2ui4Rob7ZXbVUpckKLKlaj.VgaJPGQcc6', '박지성', 'parkj@daou.co.kr', '기획팀', '관리자', '2024-06-01 08:50:45', TRUE, FALSE, '2024-06-01 08:55:00', '192.168.0.1'),
( 'leeyy', '$2a$10$8XbrCm6gipnVlOeykQ2F2ui4Rob7ZXbVUpckKLKlaj.VgaJPGQcc6', '이예지', 'leeyy@daou.co.kr', '디자인팀', '일반 사용자', '2024-06-02 09:20:30', FALSE, FALSE, '2024-06-01 08:55:00', '192.168.0.1'),
( 'jungs', '$2a$10$8XbrCm6gipnVlOeykQ2F2ui4Rob7ZXbVUpckKLKlaj.VgaJPGQcc6', '정수빈', 'jungs@daou.co.kr', '연구소', '일반 사용자', '2024-06-03 10:05:15', TRUE, FALSE, '2024-06-01 08:55:00', '192.168.0.1'),
( 'kims', '$2a$10$8XbrCm6gipnVlOeykQ2F2ui4Rob7ZXbVUpckKLKlaj.VgaJPGQcc6', '김성준', 'kims@daou.co.kr', '품질관리팀', '관리자', '2024-06-04 09:45:00', FALSE, FALSE, '2024-06-01 08:55:00', '192.168.0.1'),
( 'chop', '$2a$10$8XbrCm6gipnVlOeykQ2F2ui4Rob7ZXbVUpckKLKlaj.VgaJPGQcc6', '조필수', 'chop@daou.co.kr', '고객지원팀', '일반 사용자', '2024-06-05 08:55:40', TRUE, FALSE, '2024-06-01 08:55:00', '192.168.0.1'),
( 'jangm', '$2a$10$8XbrCm6gipnVlOeykQ2F2ui4Rob7ZXbVUpckKLKlaj.VgaJPGQcc6', '장민호', 'jangm@daou.co.kr', '기획팀', '일반 사용자', '2024-06-06 09:25:30', FALSE, FALSE, '2024-06-01 08:55:00', '192.168.0.1'),
( 'chok', '$2a$10$8XbrCm6gipnVlOeykQ2F2ui4Rob7ZXbVUpckKLKlaj.VgaJPGQcc6', '조현우', 'chok@daou.co.kr', '영업팀', '관리자', '2024-06-07 10:35:25', TRUE, FALSE, '2024-06-01 08:55:00', '192.168.0.1'),
( 'kimy', '$2a$10$8XbrCm6gipnVlOeykQ2F2ui4Rob7ZXbVUpckKLKlaj.VgaJPGQcc6', '김예빈', 'kimy@daou.co.kr', '마케팅팀', '일반 사용자', '2024-06-08 09:45:50', FALSE, FALSE, '2024-06-01 08:55:00', '192.168.0.1'),
( 'parkjj', '$2a$10$8XbrCm6gipnVlOeykQ2F2ui4Rob7ZXbVUpckKLKlaj.VgaJPGQcc6', '박준영', 'parkjj@daou.co.kr', '개발팀', '일반 사용자', '2024-06-09 09:55:10', TRUE, FALSE, '2024-06-01 08:55:00', '192.168.0.1'),
( 'leeh', '$2a$10$8XbrCm6gipnVlOeykQ2F2ui4Rob7ZXbVUpckKLKlaj.VgaJPGQcc6', '이한별', 'leeh@daou.co.kr', '기획팀', '관리자', '2024-06-10 08:50:25', FALSE, FALSE, '2024-06-01 08:55:00', '192.168.0.1'),
( 'choij', '$2a$10$8XbrCm6gipnVlOeykQ2F2ui4Rob7ZXbVUpckKLKlaj.VgaJPGQcc6', '최재원', 'choij@daou.co.kr', '영업팀', '일반 사용자', '2024-06-11 09:35:15', TRUE, FALSE, '2024-06-01 08:55:00', '192.168.0.1'),
( 'jangs', '$2a$10$8XbrCm6gipnVlOeykQ2F2ui4Rob7ZXbVUpckKLKlaj.VgaJPGQcc6', '장세빈', 'jangs@daou.co.kr', '디자인팀', '일반 사용자', '2024-06-12 10:25:40', FALSE, FALSE, '2024-06-01 08:55:00', '192.168.0.1'),
( 'parkm', '$2a$10$8XbrCm6gipnVlOeykQ2F2ui4Rob7ZXbVUpckKLKlaj.VgaJPGQcc6', '박민서', 'parkm@daou.co.kr', '개발팀', '관리자', '2024-06-13 09:20:55', TRUE, FALSE, '2024-06-01 08:55:00', '192.168.0.1'),
( 'kimn', '$2a$10$8XbrCm6gipnVlOeykQ2F2ui4Rob7ZXbVUpckKLKlaj.VgaJPGQcc6', '김나연', 'kimn@daou.co.kr', '품질관리팀', '일반 사용자', '2024-06-14 09:30:40', FALSE, FALSE, '2024-06-01 08:55:00', '192.168.0.1'),
( 'sungy', '$2a$10$8XbrCm6gipnVlOeykQ2F2ui4Rob7ZXbVUpckKLKlaj.VgaJPGQcc6', '성윤아', 'sungy@daou.co.kr', '고객지원팀', '일반 사용자', '2024-06-15 10:15:30', TRUE, FALSE, '2024-06-01 08:55:00', '192.168.0.1'),
( 'leem', '$2a$10$8XbrCm6gipnVlOeykQ2F2ui4Rob7ZXbVUpckKLKlaj.VgaJPGQcc6', '이민호', 'leem@daou.co.kr', '연구소', '관리자', '2024-06-16 09:50:25', FALSE, FALSE, '2024-06-01 08:55:00', '192.168.0.1'),
( 'choy', '$2a$10$8XbrCm6gipnVlOeykQ2F2ui4Rob7ZXbVUpckKLKlaj.VgaJPGQcc6', '조예지', 'choy@daou.co.kr', '기획팀', '일반 사용자', '2024-06-17 09:35:10', TRUE, FALSE, '2024-06-01 08:55:00', '192.168.0.1');

INSERT INTO AUTHORITY (authority_name) VALUES
('ROLE_MASTER'),
('ROLE_ADMIN');


INSERT INTO HISTORY (LOGIN_TIME, USER_ID, LOGIN_DEVICE, LOGIN_IP) VALUES
    ('2024-07-02 14:22:37', 1, 'Chrome/127.0.0.0', '123.456.879.123'),
    ('2024-07-02 14:25:21', 2, 'Firefox/192.168.1.1', '234.567.890.234'),
    ('2024-07-03 10:11:45', 3, 'Safari/10.0.0.1', '345.678.901.345'),
    ('2024-07-03 13:45:12', 4, 'Edge/172.16.0.1', '456.789.012.456'),
    ('2024-07-04 08:30:05', 5, 'Opera/172.31.255.255', '567.890.123.567'),
    ('2024-07-04 09:15:30', 6, 'Chrome/192.168.0.100', '678.901.234.678'),
    ('2024-07-05 15:20:17', 7, 'Firefox/10.1.1.1', '789.012.345.789'),
    ('2024-07-05 16:55:42', 8, 'Edge/172.16.10.1', '890.123.456.890'),
    ('2024-07-06 11:10:59', 9, 'Safari/192.168.1.100', '901.234.567.901'),
    ('2024-07-06 14:35:25', 10, 'Opera/192.168.0.1', '012.345.678.012'),
    ('2024-07-07 08:45:37', 5, 'Chrome/172.16.20.1', '123.456.789.123'),
    ('2024-07-07 09:20:10', 4, 'Firefox/192.168.10.100', '234.567.890.234'),
    ('2024-07-08 12:55:22', 2, 'Edge/10.10.10.10', '345.678.901.345'),
    ('2024-07-08 13:30:44', 9, 'Safari/192.168.100.1', '456.789.012.456'),
    ('2024-07-09 09:10:18', 10, 'Opera/172.16.30.1', '567.890.123.567'),
    ('2024-07-09 10:25:55', 1, 'Chrome/192.168.20.100', '678.901.234.678'),
    ('2024-07-10 14:40:33', 3, 'Firefox/192.168.200.1', '789.012.345.789'),
    ('2024-07-10 15:15:11', 2, 'Edge/10.20.30.40', '890.123.456.890'),
    ('2024-07-11 11:30:09', 6, 'Safari/192.168.2.1', '901.234.567.901'),
    ('2024-07-11 12:05:55', 7, 'Opera/192.168.30.100', '012.345.678.012'),
    ('2024-07-12 08:20:42', 4, 'Chrome/172.16.40.1', '123.456.789.123'),
    ('2024-07-12 09:00:28', 5, 'Firefox/192.168.3.100', '234.567.890.234'),
    ('2024-07-13 12:45:16', 3, 'Edge/192.168.40.1', '345.678.901.345'),
    ('2024-07-13 13:20:58', 7, 'Safari/10.100.100.1', '456.789.012.456'),
    ('2024-07-14 09:50:37', 8, 'Opera/192.168.4.100', '567.890.123.567'),
    ('2024-07-14 10:30:15', 8, 'Chrome/10.30.30.30', '678.901.234.678'),
    ('2024-07-14 14:15:22', 9, 'Firefox/192.168.50.1', '789.012.345.789'),
    ('2024-07-14 15:00:10', 4, 'Edge/192.168.5.1', '890.123.456.890'),
    ('2024-07-14 10:25:59', 1, 'Safari/192.168.60.1', '901.234.567.901'),
    ('2024-07-14 11:05:45', 10, 'Opera/172.16.50.1', '012.345.678.012'),
    ('2024-07-14 08:30:37', 2, 'Chrome/192.168.70.1', '123.456.879.123'),
    ('2024-07-14 09:15:22', 9, 'Firefox/172.16.60.1', '234.567.890.234'),
    ('2024-07-14 12:50:11', 4, 'Edge/192.168.80.1', '345.678.901.345'),
    ('2024-07-14 13:30:45', 5, 'Safari/192.168.90.1', '456.789.012.456'),
    ('2024-07-14 09:20:33', 5, 'Opera/10.40.40.40', '567.890.123.567'),
    ('2024-07-14 10:05:11', 3, 'Chrome/192.168.10.10', '678.901.234.678'),
    ('2024-07-14 14:30:18', 2, 'Firefox/192.168.20.20', '789.012.345.789'),
    ('2024-07-14 15:15:09', 6, 'Edge/192.168.30.30', '890.123.456.890'),
    ('2024-07-14 11:40:27', 8, 'Safari/192.168.40.40', '901.234.567.901'),
    ('2024-07-14 12:25:55', 7, 'Opera/192.168.50.50', '012.345.678.012'),
    ('2024-07-14 08:15:42', 7, 'Chrome/192.168.60.60', '123.456.789.123'),
    ('2024-07-14 09:00:28', 4, 'Firefox/192.168.70.70', '234.567.890.234'),
    ('2024-07-14 13:45:16', 5, 'Edge/192.168.80.80', '345.678.901.345'),
    ('2024-07-14 14:30:58', 1, 'Safari/192.168.90.90', '456.789.012.456'),
    ('2024-07-14 10:50:37', 1, 'Opera/192.168.100.100', '567.890.123.567'),
    ('2024-07-14 11:30:15', 9, 'Chrome/192.168.110.110', '678.901.234.678'),
    ('2024-07-14 14:25:22', 10, 'Firefox/192.168.120.120', '789.012.345.789'),
    ('2024-07-14 15:10:10', 10, 'Edge/192.168.130.130', '890.123.456.890'),
    ('2024-07-14 10:35:59', 4, 'Safari/192.168.140.140', '901.234.567.901'),
    ('2024-07-14 11:20:45', 10, 'Opera/192.168.150.150', '012.345.678.012'),
    ('2024-07-14 08:40:42', 3, 'Chrome/192.168.160.160', '123.456.789.123'),
    ('2024-07-14 09:20:28', 6, 'Firefox/192.168.170.170', '234.567.890.234'),
    ('2024-07-14 12:55:16', 7, 'Edge/192.168.180.180', '345.678.901.345'),
    ('2024-07-14 13:30:58', 8, 'Safari/192.168.190.190', '456.789.012.456'),
    ('2024-07-14 09:10:37', 8, 'Opera/192.168.200.200', '567.890.123.567'),
    ('2024-07-14 10:00:15', 2, 'Chrome/192.168.210.210', '678.901.234.678'),
    ('2024-07-14 14:15:22', 2, 'Firefox/192.168.220.220', '789.012.345.789'),
    ('2024-07-14 15:00:10', 3, 'Edge/192.168.230.230', '890.123.456.890'),
    ('2024-07-14 10:25:59', 3, 'Safari/192.168.240.240', '901.234.567.901'),
    ('2024-07-14 11:05:45', 10, 'Opera/192.168.250.250', '012.345.678.012');

INSERT INTO USER_AUTHORITY (AUTHORITY_NAME, ID) VALUES
('ROLE_MASTER', 'jomg'),
('ROLE_ADMIN', 'kimj'),
('ROLE_ADMIN', 'parkh'),
('ROLE_MASTER', 'leey'),
('ROLE_ADMIN', 'choik'),
('ROLE_ADMIN', 'jeons'),
('ROLE_MASTER', 'hongd'),
('ROLE_ADMIN', 'sungk'),
('ROLE_ADMIN', 'leej'),
('ROLE_ADMIN', 'kimh'),
('ROLE_ADMIN', 'kwonj'),
('ROLE_ADMIN', 'seoj'),
('ROLE_MASTER', 'parkj'),
('ROLE_ADMIN', 'leeyy'),
('ROLE_ADMIN', 'jungs'),
('ROLE_MASTER', 'kims'),
('ROLE_ADMIN', 'chop'),
('ROLE_ADMIN', 'jangm'),
('ROLE_MASTER', 'chok'),
('ROLE_ADMIN', 'kimy'),
('ROLE_ADMIN', 'parkjj'),
('ROLE_MASTER', 'leeh'),
('ROLE_ADMIN', 'choij'),
('ROLE_ADMIN', 'jangs'),
('ROLE_MASTER', 'parkm'),
('ROLE_ADMIN', 'kimn'),
('ROLE_ADMIN', 'sungy'),
('ROLE_MASTER', 'leem'),
('ROLE_ADMIN', 'choy');

